{
  "lang":"en",
  "name":"core_web_sm",
  "license":"MIT",
  "author":"Explosion",
  "url":"https://explosion.ai",
  "email":"contact@explosion.ai",
  "description":"English multi-task CNN trained on OntoNotes. Assigns context-specific token vectors, POS tags, dependency parse and named entities.",
  "sources":[
    {
      "name":"OntoNotes 5",
      "url":"https://catalog.ldc.upenn.edu/LDC2013T19",
      "license":"commercial (licensed by Explosion)"
    }
  ],
  "pipeline":[
    "tagger",
    "parser",
    "ner"
  ],
  "version":"2.2.5",
  "spacy_version":">=2.2.2",
  "parent_package":"spacy",
  "accuracy":{
    "las":89.7130416495,
    "uas":91.6218131967,
    "token_acc":99.7579930934,
    "tags_acc":97.0493515238,
    "ents_f":85.5515654809,
    "ents_p":85.8937524646,
    "ents_r":85.212094115
  },
  "speed":{
    "cpu":7045.5080732798,
    "gpu":null,
    "nwords":291314
  },
  "labels":{
    "tagger":[
      "$",
      "''",
      ",",
      "-LRB-",
      "-RRB-",
      ".",
      ":",
      "ADD",
      "AFX",
      "CC",
      "CD",
      "DT",
      "EX",
      "FW",
      "HYPH",
      "IN",
      "JJ",
      "JJR",
      "JJS",
      "LS",
      "MD",
      "NFP",
      "NN",
      "NNP",
      "NNPS",
      "NNS",
      "PDT",
      "POS",
      "PRP",
      "PRP$",
      "RB",
      "RBR",
      "RBS",
      "RP",
      "SYM",
      "TO",
      "UH",
      "VB",
      "VBD",
      "VBG",
      "VBN",
      "VBP",
      "VBZ",
      "WDT",
      "WP",
      "WP$",
      "WRB",
      "XX",
      "_SP",
      "``"
    ],
    "parser":[
      "ROOT",
      "acl",
      "acomp",
      "advcl",
      "advmod",
      "agent",
      "amod",
      "appos",
      "attr",
      "aux",
      "auxpass",
      "case",
      "cc",
      "ccomp",
      "compound",
      "conj",
      "csubj",
      "csubjpass",
      "dative",
      "dep",
      "det",
      "dobj",
      "expl",
      "intj",
      "mark",
      "meta",
      "neg",
      "nmod",
      "npadvmod",
      "nsubj",
      "nsubjpass",
      "nummod",
      "oprd",
      "parataxis",
      "pcomp",
      "pobj",
      "poss",
      "preconj",
      "predet",
      "prep",
      "prt",
      "punct",
      "quantmod",
      "relcl",
      "xcomp"
    ],
    "ner":[
      "CARDINAL",
      "DATE",
      "EVENT",
      "FAC",
      "GPE",
      "LANGUAGE",
      "LAW",
      "LOC",
      "MONEY",
      "NORP",
      "ORDINAL",
      "ORG",
      "PERCENT",
      "PERSON",
      "PRODUCT",
      "QUANTITY",
      "TIME",
      "WORK_OF_ART"
    ]
  }
}